Day,Day Length
"Wed, Jan 5",07:56:55
"Thu, Jan 6",07:58:34
"Sat, Feb 5",09:23:06
"Sun, Feb 6",09:26:44
"Sat, Mar 5",11:12:26
"Sun, Mar 6",11:16:30
"Tue, Apr 5",13:19:20
"Wed, Apr 6",13:23:02
"Thu, May 5",15:15:18
"Fri, May 6",15:18:50
"Sun, Jun 5",16:40:11
"Mon, Jun 6",16:41:45
"Tue, Jul 5",16:42:54
"Wed, Jul 6",16:41:24
"Fri, Aug 5",15:22:17
"Sat, Aug 6",15:18:50
"Mon, Sep 5",13:24:59
"Tue, Sep 6",13:20:59
"Wed, Oct 5",11:24:03
"Thu, Oct 6",11:20:01
"Sat, Nov 5",09:24:02
"Sun, Nov 6",09:20:29
"Mon, Dec 5",07:59:25
"Tue, Dec 6",07:57:43
"Thu, Jan 5",07:56:31
"Fri, Jan 6",07:58:09
"Sun, Feb 5",09:22:14
"Mon, Feb 6",09:25:51
"Sun, Mar 5",11:11:26
"Mon, Mar 6",11:15:31
"Wed, Apr 5",13:18:21
"Thu, Apr 6",13:22:25
"Fri, May 5",15:14:26
"Sat, May 6",15:17:58
"Mon, Jun 5",16:39:48
"Tue, Jun 6",16:41:24
"Wed, Jul 5",16:43:15
"Thu, Jul 6",16:41:47
"Sat, Aug 5",15:23:07
"Sun, Aug 6",15:19:40
"Tue, Sep 5",13:25:57
"Wed, Sep 6",13:21:57
